URL,Status Code,Response Message,Domain Status,Expiration Date,For Sale,Response Time
http://www.hotlinks.biz/,200,OK,Fresh,2025-03-21 23:59:59,No,1.1712
http://www.sublimelink.org/,200,OK,Fresh,2025-03-22 11:48:55,No,0.704779
http://www.asklink.org/,200,OK,Fresh,2025-03-22 11:48:57,No,0.525153
http://www.relevantdirectories.com/,200,OK,Fresh,2024-05-17 08:59:00,No,1.169158
http://www.efdir.com/,200,OK,Fresh,2024-05-13 15:59:23,No,0.871183
http://www.piratedirectory.org/,200,OK,Fresh,2024-05-17 08:31:04,No,0.516906
http://www.directory10.biz/,200,OK,Fresh,2024-07-11 23:59:59,No,4.379916
http://www.directory4.org/,200,OK,Fresh,2024-07-12 10:25:02,No,1.576523
http://www.directory6.org/,200,OK,Fresh,2024-07-12 10:25:01,No,4.196051
